{
  "cli": {
    "version": ">= 6.0.0",
    "appVersionSource": "remote"
  },
  "build": {
    "development": {
      "developmentClient": true,
      "distribution": "internal",
      "channel": "development",
      "cache": {
        "key": "dev-v1"
      }
    },
    "preview": {
      "distribution": "internal",
      "channel": "preview",
      "cache": {
        "key": "preview-v1"
      }
    },
    "production": {
      "autoIncrement": true,
      "channel": "production",
      "cache": {
        "key": "prod-v1"
      }
    }
  },
  "submit": {
    "production": {}
  }
}